round,category,value,question,answer,type,image
1,Science Lab,100,What planet is known as the Red Planet?,Mars,text,
1,Science Lab,200,What circuit component does this symbol represent?,A capacitor,image,component.svg
1,Science Lab,300,What gas do plants absorb during photosynthesis?,Carbon dioxide,text,
1,Science Lab,400,What unit measures electrical resistance?,The ohm,text,
1,Science Lab,500,What force keeps planets in orbit around the Sun?,Gravity,text,
1,Our World,100,What is the largest ocean on Earth?,The Pacific Ocean,text,
1,Our World,200,Which continent is home to the Sahara Desert?,Africa,text,
1,Our World,300,What is the capital of Japan?,Tokyo,text,
1,Our World,400,What imaginary line divides Earth into northern and southern hemispheres?,The equator,text,
1,Our World,500,Which country is home to the ancient city of Machu Picchu?,Peru,text,
1,Brain Power,100,How many sides does a hexagon have?,Six,text,
1,Brain Power,200,What is the next number in the sequence: 2 → 4 → 8 → 16?,32,text,
1,Brain Power,300,,A right triangle,image,triangle.svg
1,Brain Power,400,What is 15 percent of 200?,30,text,
1,Brain Power,500,What is the smallest prime number greater than 20?,23,text,
1,Arts & Stories,100,What instrument usually has 88 keys?,A piano,text,
1,Arts & Stories,200,Who wrote Romeo and Juliet?,William Shakespeare,text,
1,Arts & Stories,300,What is the term for the main character in a story?,The protagonist,text,
1,Arts & Stories,400,Which artist painted The Starry Night?,Vincent van Gogh,text,
1,Arts & Stories,500,What is a word that imitates a sound called?,Onomatopoeia,text,
1,Wild Things,100,What is the largest animal alive today?,The blue whale,text,
1,Wild Things,200,How many legs does a spider have?,Eight,text,
1,Wild Things,300,What is a group of wolves called?,A pack,text,
1,Wild Things,400,What is the process of a caterpillar becoming a butterfly called?,Metamorphosis,text,
1,Wild Things,500,Which egg-laying mammal has a duck-like bill?,The platypus,text,
